WT residue type,chain ID,Residue #,L,W,P,S,E,K,R,H
L,A,408,-0.07054,2.24375,3.1713,1.74511,1.4981,1.06222,1.43148,1.77281
R,A,562,-10.31516,0.46703,-14.31464,-9.48559,-10.06182,-5.83835,-0.00684,-3.18778
T,A,628,-1.65676,-1.32546,2.82751,-0.10835,-1.26418,-1.54187,-1.81756,-0.61832
