WT residue type,chain ID,Residue #,L,W,P,S,E,K,R,H
L,A,408,-0.06588,1.83107,3.16062,2.56702,1.89406,0.51326,1.5432,2.40724
R,A,562,-2.19987,5.86996,2.68476,-0.90757,1.46949,-0.35724,-0.20823,3.45254
T,A,628,-0.31119,0.43037,8.58751,-0.08458,0.18803,-0.09838,0.12977,0.91565
