WT residue type,chain ID,Residue #,L,W,P,S,E,K,R,H
L,A,408,-0.0,-0.11141,2.40361,0.77227,0.67344,-0.44745,0.33388,0.79106
R,A,562,-5.91176,3.91791,0.70198,-3.94812,-0.89761,-1.14823,0.07192,-1.14301
T,A,628,-0.6338,-0.12365,4.10697,-0.28273,-0.24618,-0.62157,-0.15105,0.59674
