WT residue type,chain ID,Residue #,L,W,P,S,E,K,R,H
L,A,408,-0.05641,1.07087,3.08798,1.51923,1.10907,0.39676,0.09947,1.01981
R,A,562,-2.37646,1.49336,-3.6038,0.6135,0.57298,-0.03955,-0.02917,2.03756
T,A,628,-0.17376,0.31938,8.82423,-0.23873,0.13058,-0.01953,-0.13982,0.72745
