WT residue type,chain ID,Residue #,L,W,P,S,E,K,R,H
L,A,408,0.00953,0.30701,3.68977,0.54177,0.93179,0.20512,0.38764,0.79928
R,A,562,-1.43523,-0.29337,-0.8226,1.48399,0.7077,0.46033,-0.26787,1.02963
T,A,628,0.48825,0.62763,9.51564,0.00065,0.9412,0.39303,0.54227,1.2811
