WT residue type,chain ID,Residue #,L,W,P,S,E,K,R,H
L,A,408,-0.00859,0.41414,4.0741,1.34135,0.47455,0.36537,0.74199,0.83043
R,A,562,-2.24445,1.94234,4.50429,-2.85101,-1.172,0.60805,-0.00517,5.82542
T,A,628,-1.65226,-1.94839,16.44866,-1.35947,-1.50307,-1.97641,-1.76372,-1.18937
