WT residue type,chain ID,Residue #,G,A,V,L,I,M,F,W,P,S,T,C,Y,N,Q,D,E,K,R,H
Y,B,418,-0.02247,0.00039,-0.0001,0.00371,0.00432,0.00413,0.00158,-0.00033,0.0002,0.00311,0.00067,0.00216,0.0,0.00027,0.00111,0.00027,-5e-05,0.00851,0.00861,0.00073
D,B,426,0.00659,0.0066,0.00663,0.0066,0.0066,0.00662,0.00659,0.0066,0.0066,0.00663,0.00659,0.00659,0.00659,0.00659,0.0066,0.0,0.0,0.00855,0.00856,0.0066
K,B,430,-0.01774,0.02296,0.03509,0.03251,0.01154,0.03457,0.01892,0.08784,-0.00238,0.03623,-0.00375,0.01051,0.06257,0.00994,0.02197,0.0515,0.13782,0.00025,-0.04601,0.00373
