WT residue type,chain ID,Residue #,G,A,V,L,I,M,F,W,P,S,T,C,Y,N,Q,D,E,K,R,H
R,A,520,-2.04127,0.46736,3.36179,-0.02881,3.84988,-0.33668,-0.69052,-1.032,5.05669,0.9282,2.63682,0.74187,-0.27006,0.19103,0.4522,1.25733,0.84912,-0.3208,-0.02821,0.46818
R,A,562,-3.28216,-3.44203,-0.61404,0.41336,-0.15648,-4.52541,7.58112,4.19561,-1.67834,-1.22312,0.31691,-2.64845,11.42466,-1.28176,-1.00775,-0.64334,-0.48485,0.13387,-0.11461,10.39341
