WT residue type,chain ID,Residue #,G,A,V,L,I,M,F,W,P,S,T,C,Y,N,Q,D,E,K,R,H
E,A,589,3.2501,1.70074,0.27729,0.36832,0.19027,-0.26564,4.02554,7.17805,5.7137,2.87011,1.71938,2.01544,6.31143,2.73679,0.37116,3.10561,-0.05168,2.87503,2.69248,6.02368
A,A,607,1.40715,0.0,-0.75196,-1.6758,-1.60914,-1.87068,0.08165,0.2694,5.57257,0.38913,-0.14834,0.3377,0.88114,0.83702,-0.52928,1.24204,-0.05398,-1.07186,-1.76403,0.62551
