WT residue type,chain ID,Residue #,G,A,V,L,I,M,F,W,P,S,T,C,Y,N,Q,D,E,K,R,H
R,A,23,-4.65266,-4.21416,-2.31643,-2.58349,-2.43333,-5.176,-1.60593,4.62252,1.68806,-4.22224,-1.51981,-4.93482,-1.22313,-2.65975,-2.69766,-1.1604,-2.67888,-2.63662,-0.14556,-0.84206
T,A,28,0.47298,-0.0414,-0.1173,-0.76819,-0.66222,-1.1857,-0.79009,-0.55988,1.00052,0.23632,0.00762,-0.403,-0.74331,0.14418,-0.29817,0.40353,-0.36864,-0.64171,-0.47115,-0.43052
V,A,108,2.13127,0.83081,-0.229,1.93163,1.9545,-0.63493,6.13504,20.43612,3.37928,1.19777,1.43233,0.64788,6.85842,3.82075,2.04591,4.3762,2.52769,4.66909,9.91339,10.72509
