WT residue type,chain ID,Residue #,G,A,V,L,I,M,F,W,P,S,T,C,Y,N,Q,D,E,K,R,H
R,A,23,-5.55595,-5.10168,-1.75113,-3.80812,-1.91736,-5.67702,5.56832,15.26106,1.26653,-6.19045,-2.47506,-4.83448,3.81823,-0.48268,-3.15126,-1.63273,-3.18103,-1.0552,-0.12486,5.71284
T,A,28,-0.36295,-0.72585,-0.92894,-1.23841,-1.13262,-0.94889,-2.19428,-0.71805,5.32911,-0.82675,-0.08087,-1.37612,-1.8094,-1.49926,-1.61245,-1.59666,-0.72455,-1.15332,-1.61843,-1.05982
V,A,108,2.00071,1.6328,0.00096,1.16739,-0.67889,2.43462,14.99014,29.64792,3.36603,1.66014,-0.1063,1.5149,12.97368,3.15826,4.22967,1.7053,1.69786,8.7653,14.75028,6.66362
