WT residue type,chain ID,Residue #,L,W,P,S,E,K,R,H
L,A,408,-0.02787,0.92796,3.36772,0.35245,0.01305,0.58159,0.48767,0.82712
R,A,562,-4.76831,-1.48609,-5.58781,-2.10965,-3.10035,-1.53968,-0.0134,-2.9346
T,A,628,-0.91177,-0.90077,9.47721,-0.85481,-0.45555,-0.94197,-0.88294,-0.42353
