WT residue type,chain ID,Residue #,L,W,P,S,E,K,R,H
L,A,408,-0.00228,1.35138,3.62518,1.79805,1.66371,0.97438,0.99452,1.39513
R,A,562,-3.04245,-3.4117,1.07425,-3.07162,-1.05401,-0.53351,-0.00605,-1.3691
T,A,628,-0.65392,-0.67005,4.33076,0.50968,0.1092,-0.05552,0.36697,0.71335
