WT residue type,chain ID,Residue #,L,W,P,S,E,K,R,H
L,A,408,-0.03129,0.52996,1.77676,1.97394,1.50647,1.05582,1.35684,1.6681
R,A,562,-3.58118,0.96813,5.85768,-1.43847,-0.40997,-0.94069,-0.07323,1.74196
T,A,628,-0.22248,-0.67009,3.97297,-0.44007,-1.0914,-1.40131,-0.82759,-0.2994
