WT residue type,chain ID,Residue #,L,W,P,S,E,K,R,H
L,A,408,-0.02369,4.45595,6.4425,2.34294,2.45398,1.8495,1.75535,4.84183
R,A,562,-0.08973,5.00485,-1.8105,-1.24023,-0.55551,0.61711,-0.11461,11.17575
T,A,628,-1.43458,-1.66818,8.1882,-1.43946,-1.27663,-1.43815,-1.34595,-1.15064
