WT residue type,chain ID,Residue #,G,A,V,L,I,M,F,W,P,S,T,C,Y,N,Q,D,E,K,R,H
C,A,506,-0.97702,-0.84625,1.29973,0.31551,1.51521,1.13395,13.5506,15.11032,4.36481,-0.56598,0.49217,0.02973,15.07884,-2.81165,6.21154,-0.38267,6.16844,4.96427,8.89361,13.31644
G,A,613,0.0,0.03172,0.47697,-0.10479,0.07667,0.04346,-0.06133,-0.34935,-0.35919,0.17444,0.37766,0.32269,-0.01698,0.22883,0.00559,0.219,0.08547,-0.09971,-0.02552,0.28998
