WT residue type,chain ID,Residue #,G,A,V,L,I,M,F,W,P,S,T,C,Y,N,Q,D,E,K,R,H
R,A,23,-5.69197,-5.11085,-1.72393,-4.9843,0.54207,-5.42339,-4.56375,3.03668,0.94046,-5.03166,-1.99084,-5.67,-3.38637,-4.77466,-2.90918,-3.73574,-3.46188,-2.38039,-0.20555,-1.86062
T,A,28,-0.08073,-0.45981,-0.12526,-2.25698,-1.00793,-1.83814,-1.51975,-1.08025,-0.08921,-0.64215,2e-05,-0.15525,-1.47539,-0.45627,-0.90354,-1.34494,-0.91097,-1.33779,-0.85415,-0.66792
V,A,108,2.58856,1.50275,0.00115,0.94569,-0.3286,1.58756,6.3441,14.61604,4.4461,2.98573,1.78422,1.34369,10.53146,1.76949,2.5212,3.3699,1.40471,6.48896,10.23889,4.6086
