WT residue type,chain ID,Residue #,G,A,V,L,I,M,F,W,P,S,T,C,Y,N,Q,D,E,K,R,H
L,A,408,3.13441,2.2823,2.26789,0.00321,1.49914,0.27711,1.92818,2.30205,4.43956,1.99207,1.73877,2.06994,2.23315,2.24708,1.77198,2.39537,2.23156,1.10912,1.48832,2.78308
R,A,562,4.59327,3.23146,4.884,1.26483,5.38961,1.61277,0.63631,1.93003,1.98785,4.57782,6.95266,3.28426,1.57666,3.42806,2.61001,3.62857,2.89086,1.25582,-0.03196,2.60427
T,A,628,0.19399,-0.58583,-0.26287,-1.08043,-0.89261,-1.26617,-1.1891,-1.02831,2.20888,-0.63928,7e-05,0.02341,-1.10803,-0.58255,-0.77129,-0.53722,-0.81189,-0.7974,-0.87816,-0.34067
