WT residue type,chain ID,Residue #,G,A,V,L,I,M,F,W,P,S,T,C,Y,N,Q,D,E,K,R,H
R,A,23,2.62884,1.04323,0.2563,-0.76346,0.52878,-1.10861,-1.6688,4.64256,4.92138,1.84466,1.1029,0.51179,-0.93476,1.16059,0.66869,3.05423,2.17504,-0.86529,-0.09321,0.10543
T,A,28,2.64903,1.90957,2.09931,1.03218,2.23159,0.44396,-0.16285,0.87782,4.75538,0.55239,-0.00318,1.60325,0.72827,1.32989,1.90528,3.54325,2.59361,1.37701,2.46906,2.11658
V,A,108,5.58214,3.64701,-0.00034,0.3425,-1.07517,-0.21636,3.86763,10.6003,7.70911,4.00758,2.53406,2.74383,10.84886,3.80923,2.7963,4.1569,2.77662,4.96905,6.93796,6.72955
