WT residue type,chain ID,Residue #,G,A,V,L,I,M,F,W,P,S,T,C,Y,N,Q,D,E,K,R,H
C,A,506,1.64519,-0.29049,0.53608,0.45309,1.95597,2.76948,20.72924,35.9202,7.44587,0.44099,0.91688,-0.0001,22.96316,1.16364,6.29579,3.27782,6.38271,9.8432,12.19686,13.60728
