WT residue type,chain ID,Residue #,G,A,V,L,I,M,F,W,P,S,T,C,Y,N,Q,D,E,K,R,H
C,A,506,0.88131,-0.70603,-0.44112,-0.73659,0.20215,0.34784,7.72115,15.77668,6.47085,0.14552,0.24736,-0.00048,13.0231,0.30845,1.03149,2.59842,3.35881,2.6775,3.87418,5.84862
G,A,613,0.0,2.09736,3.35754,2.53153,3.01514,1.80694,2.78041,4.12123,5.2931,3.0603,3.02128,2.22521,2.97761,2.94535,2.5217,5.26529,3.63839,1.73674,0.68232,3.03217
