WT residue type,chain ID,Residue #,G,A,V,L,I,M,F,W,P,S,T,C,Y,N,Q,D,E,K,R,H
C,A,506,1.55194,-0.34175,-1.39341,-0.92497,-0.92916,0.69469,9.31213,12.78961,3.77443,0.31,-0.89052,-0.001,13.89772,1.48792,4.98814,2.10402,3.69775,4.61885,6.47385,12.06313
G,A,613,0.0,2.2352,4.40921,3.36292,4.55494,3.32357,4.02204,5.92799,7.28327,2.05619,4.14318,3.09972,4.40582,3.97026,4.03052,6.06889,5.06786,4.407,4.87961,5.30445
