WT residue type,chain ID,Residue #,G,A,V,L,I,M,F,W,P,S,T,C,Y,N,Q,D,E,K,R,H
C,A,506,-3.76479,-0.34824,1.5946,-0.25305,2.03267,0.4202,8.32466,9.31381,2.07743,0.5377,1.5186,0.00461,9.00554,1.32173,2.43152,2.15501,4.19486,4.84083,6.10202,13.70998
G,A,613,0.0,2.82242,4.59662,4.27903,5.5611,4.19414,5.71569,6.16319,6.59542,2.2496,3.8548,3.28074,6.50046,2.96653,3.74051,6.23298,4.89223,3.23015,2.84864,6.03445
