WT residue type,chain ID,Residue #,G,A,V,L,I,M,F,W,P,S,T,C,Y,N,Q,D,E,K,R,H
C,A,506,1.15337,-0.76247,-1.62602,-1.90213,-1.53067,-1.20973,11.68796,21.31562,4.65409,1.23623,0.85993,3e-05,16.6823,1.53347,1.99589,2.87947,2.74256,4.65845,7.98108,10.92458
G,A,613,0.0,3.12074,6.73185,5.37466,7.89309,4.56632,9.17742,10.51324,6.61371,4.89672,6.85437,4.30724,9.2048,5.54697,4.59385,5.76497,5.30794,4.60498,4.90857,9.47928
