WT residue type,chain ID,Residue #,G,A,V,L,I,M,F,W,P,S,T,C,Y,N,Q,D,E,K,R,H
C,A,506,1.46124,-0.51368,-1.96676,-3.07315,-2.80506,-1.7372,7.20896,13.29781,3.34244,0.58558,-0.43144,-0.00205,9.84137,0.50058,1.02482,1.69942,1.76578,2.77793,3.17568,8.80381
G,A,613,0.0,2.69376,4.0707,2.66018,3.75126,2.58963,2.90603,4.101,7.8846,3.63635,4.53027,3.05411,3.01211,3.66243,3.05317,6.44265,5.1173,1.68909,1.82273,2.99588
