WT residue type,chain ID,Residue #,G,A,V,L,I,M,F,W,P,S,T,C,Y,N,Q,D,E,K,R,H
C,A,506,1.79348,-0.35161,-1.636,-3.02988,-2.59846,-1.31009,-2.00551,4.5088,5.41937,1.12339,0.64279,0.00152,1.41031,1.20114,0.91806,3.2636,2.26676,2.70775,6.22395,3.17677
G,A,613,0.0,1.42162,2.35457,1.18365,2.88225,0.48111,1.63554,2.62347,4.82851,0.78334,1.74005,1.02635,1.51329,1.20918,1.75711,2.76988,2.38086,0.53518,0.89808,1.8767
