WT residue type,chain ID,Residue #,G,A,V,L,I,M,F,W,P,S,T,C,Y,N,Q,D,E,K,R,H
C,A,506,-0.29848,-0.15239,1.15956,1.26975,-0.42225,-0.69965,13.35748,19.0122,6.36356,-0.37593,2.31732,-0.00432,17.25358,-0.0257,3.01958,-0.58104,3.55678,4.32999,7.22085,11.63912
G,A,613,0.0,1.76629,4.23141,2.83817,4.22101,2.2595,5.43823,3.56537,5.69724,1.34599,2.26195,2.2042,4.69288,3.43177,2.37036,3.13276,2.9176,2.65877,2.56158,4.46999
