WT residue type,chain ID,Residue #,G,A,V,L,I,M,F,W,P,S,T,C,Y,N,Q,D,E,K,R,H
C,A,506,-0.83283,-0.10443,-0.42991,-2.05106,-0.82256,-0.13984,10.88505,18.08272,0.65082,0.10295,-0.07746,-0.02101,12.46052,-0.08441,1.86263,1.00845,3.36944,4.60589,6.65328,8.58343
G,A,613,0.0,1.05066,1.38969,1.28302,1.11601,0.5354,2.38875,3.48345,4.20387,1.10794,2.08676,1.16637,2.61514,1.74809,1.15349,2.06846,1.70234,0.73006,1.11268,2.66488
