WT residue type,chain ID,Residue #,G,A,V,L,I,M,F,W,P,S,T,C,Y,N,Q,D,E,K,R,H
C,A,506,0.86875,-0.73756,-1.67776,-1.69512,-1.94748,0.38665,7.26895,17.82598,4.42138,1.28174,1.32738,-4e-05,11.17201,1.19027,2.33255,2.25821,2.94277,3.35693,9.90331,9.26258
G,A,613,-0.0,2.75878,4.26266,2.61743,4.61529,2.52292,7.83388,7.2786,8.32961,3.85898,3.66952,3.05617,8.38618,3.28685,4.13011,4.84547,4.61203,3.43749,4.16683,5.02708
