WT residue type,chain ID,Residue #,G,A,V,L,I,M,F,W,P,S,T,C,Y,N,Q,D,E,K,R,H
R,A,23,4.13582,3.78476,3.55162,3.74588,3.811,3.8392,3.70172,3.95196,3.84654,3.96464,3.3811,3.64138,5.41338,4.01632,3.1729,4.49248,5.75049,2.95696,0.0215,1.49454
T,A,28,0.00766,0.00166,0.00726,2e-05,0.00168,0.0045,0.01644,0.00712,-0.0013,0.0,0.0,0.0082,0.02566,6e-05,0.02638,-0.0465,-0.02826,0.0092,0.04772,0.00502
V,A,108,-0.0212,-0.0129,0.0,-0.0364,0.0,0.01312,0.01636,0.1561,-0.03686,-0.0131,-0.0006,-0.0241,0.26626,-0.0241,-0.00686,0.26652,0.20956,-0.06582,-0.02232,0.06638
