WT residue type,chain ID,Residue #,G,A,V,L,I,M,F,W,P,S,T,C,Y,N,Q,D,E,K,R,H
R,A,520,-1.45727,1.18923,2.00237,-0.08408,2.0374,1.03015,-0.50018,0.68844,5.06828,1.05733,1.69719,1.09821,-0.16998,0.10776,0.40269,1.09119,1.43337,-0.14124,-0.0282,1.27563
R,A,562,-12.10374,-11.28608,-10.89912,-10.26269,-9.62058,-10.1292,-5.82646,0.75351,-14.65854,-9.96498,-9.35439,-10.22863,-4.00562,-9.29145,-11.67216,-9.65649,-9.77705,-5.50096,-0.00684,-2.98859
