WT residue type,chain ID,Residue #,G,A,V,L,I,M,F,W,P,S,T,C,Y,N,Q,D,E,K,R,H
R,A,520,-1.62175,1.82903,2.43841,1.1696,1.88763,0.80483,0.78783,0.61743,6.96327,1.16077,1.02313,1.45323,2.02723,1.08175,1.46674,1.59563,2.54178,0.2476,0.0,1.97235
R,A,562,-1.85278,-1.39009,-0.46541,-3.78945,-2.35133,-4.40342,1.60601,0.7768,5.79641,-1.57994,-1.7358,-2.22454,1.68578,-1.48009,-1.31206,0.9437,-0.57169,-1.1316,-0.14194,2.38723
