WT residue type,chain ID,Residue #,G,A,V,L,I,M,F,W,P,S,T,C,Y,N,Q,D,E,K,R,H
R,A,520,1.27483,0.71813,0.97453,0.00181,0.53646,0.01894,0.08047,0.41011,-0.2359,1.42163,1.17458,1.08878,0.40899,1.25212,0.86237,2.1242,1.9251,-0.12357,-0.08455,0.88077
R,A,562,-1.17986,-2.52158,-4.60245,-4.59382,-3.90075,-5.62872,-5.45741,-1.50595,-5.40569,-1.84749,-2.78614,-3.11943,-4.46782,-2.10142,-3.69261,-0.76468,-3.02347,-1.69039,-0.22731,-2.46376
