WT residue type,chain ID,Residue #,G,A,V,L,I,M,F,W,P,S,T,C,Y,N,Q,D,E,K,R,H
R,A,520,-2.84652,-0.18533,1.08008,-0.99315,1.82304,-1.10359,1.77475,2.47786,5.49859,-0.3736,0.06372,0.19153,4.21516,-0.02331,0.53278,2.72378,1.72177,-0.52692,-0.08354,2.24768
R,A,562,1.86653,0.15147,0.17729,-1.22288,-0.50959,-1.38294,-2.50183,-0.13199,-0.68972,1.71621,2.33256,0.34679,-1.41277,1.31835,0.34107,2.3471,1.28875,0.68753,-0.34485,1.25659
