WT residue type,chain ID,Residue #,G,A,V,L,I,M,F,W,P,S,T,C,Y,N,Q,D,E,K,R,H
R,A,520,-1.1065,-0.5371,1.31258,-0.6952,1.24464,-0.35013,-0.7626,-0.88467,-1.5343,0.53657,0.48133,0.53429,-0.20095,0.18595,-0.014,0.47548,0.26611,0.00126,-0.0,0.61696
R,A,562,0.32623,-1.12851,-0.7909,-2.33181,-0.66034,-2.57092,3.67471,1.62197,-3.89016,0.72745,0.01884,-0.56751,4.60401,1.20221,0.05752,1.66368,0.56891,0.04592,-0.04487,2.55279
