WT residue type,chain ID,Residue #,G,A,V,L,I,M,F,W,P,S,T,C,Y,N,Q,D,E,K,R,H
R,A,520,0.4821,1.35552,2.18681,-0.26435,1.45936,-0.55465,1.21043,1.76976,9.1516,1.31434,2.60582,0.8992,2.0757,0.68908,-0.16095,2.18396,1.62154,0.10492,-0.10097,2.57963
R,A,562,6.28464,4.75388,5.71949,3.38475,4.90613,3.62412,3.19431,3.89374,4.58402,6.30118,6.57251,5.0628,2.81836,5.25062,5.12853,6.29085,6.00015,2.28611,-0.14791,4.72339
