WT residue type,chain ID,Residue #,G,A,V,L,I,M,F,W,P,S,T,C,Y,N,Q,D,E,K,R,H
G,A,613,0.0,-0.00114,-0.00454,-0.00369,-0.00905,-0.00558,-0.00318,-0.00834,-0.00139,-0.00154,-0.0029,-0.00208,-0.00275,-0.00218,0.00327,0.05431,0.00532,-0.01644,-0.02314,-0.00178
