WT residue type,chain ID,Residue #,G,A,V,L,I,M,F,W,P,S,T,C,Y,N,Q,D,E,K,R,H
R,A,520,-2.66999,0.43987,1.74511,-0.44938,1.85291,-1.28158,-1.78298,0.01375,4.62078,0.8009,0.91028,0.3258,0.22039,-0.30593,0.26687,1.93282,1.62261,-0.05547,-0.09405,0.32971
R,A,562,-2.78398,-3.26536,-2.9869,-3.25826,-1.75016,-4.2909,-4.82348,-3.5742,1.11219,-2.923,-3.81252,-3.5938,-2.65611,-2.32725,-1.99936,-1.9959,-0.88568,-0.36627,0.22253,-3.34278
