WT residue type,chain ID,Residue #,G,A,V,L,I,M,F,W,P,S,T,C,Y,N,Q,D,E,K,R,H
R,A,520,0.91447,0.42814,1.05445,-0.20214,0.09224,-0.40619,0.39576,0.82751,-0.64344,1.16156,1.09705,0.9905,0.62572,0.9856,0.75225,2.09988,1.73115,0.38733,-0.01079,1.92602
R,A,562,-4.58046,-4.79655,-4.21375,-5.72967,-6.00701,-3.45227,-2.65474,3.38674,0.49375,-3.95772,-5.51714,-2.94126,-1.3922,-1.81313,-2.57524,-1.76007,-0.59448,-0.71146,-0.69523,-1.78052
