WT residue type,chain ID,Residue #,G,A,V,L,I,M,F,W,P,S,T,C,Y,N,Q,D,E,K,R,H
R,A,520,-0.35556,-0.04107,0.25149,-1.02843,0.26592,-0.50066,-0.48058,-0.85285,-1.84669,0.56152,0.72631,0.19803,-0.27372,0.45479,0.56029,1.63578,1.03644,-0.31558,-0.0,0.67007
R,A,562,-2.30358,-1.4787,-0.93445,-2.05861,-1.14935,-3.29297,0.10892,6.03583,3.40623,-0.5207,0.43747,-1.39587,1.23193,0.43851,-0.32229,2.73894,1.63881,-0.29045,-0.15878,3.68956
