WT residue type,chain ID,Residue #,G,A,L,D,E
E,A,589,0.25929,-0.94523,-2.23513,0.54275,-0.04492
A,A,607,1.58949,0.0,0.32627,2.77445,2.15754
